Spanish Name,English Translation,Dutch Translation,Description,Dutch Description,Price Range,Pork,Other Meat,Fish/Seafood,Dairy,Vegetarian,Google Search
Aceitunas,Olives,Olijven,Marinated olives served as appetizer,"Olijven, vaak geserveerd als tapas",€3-5,FALSE,FALSE,FALSE,FALSE,TRUE,https://www.google.com/search?q=spanish%20aceitunas&tbm=isch
Agua de Valencia,Valencia Water,Valencia Water,"Cocktail with cava, orange juice, vodka and gin","Cocktail met cava, sinaasappelsap en gin uit Valencia",€6-8,FALSE,FALSE,FALSE,TRUE,FALSE,https://www.google.com/search?q=agua%20de%20valencia%20cocktail&tbm=isch
Aguacate,Avocado,Avocado,Fresh avocado slices or guacamole,"Avocado, vaak geserveerd in salades of als guacamole",€4-6,FALSE,FALSE,FALSE,FALSE,TRUE,https://www.google.com/search?q=aguacate%20spanish&tbm=isch
Ajoblanco,White Garlic Soup,Witte Knoflooksoep,"Cold soup with bread, almonds, garlic, olive oil and sometimes grapes","Koude soep van amandelen, knoflook en brood uit Andalusië",€4-6,FALSE,FALSE,FALSE,TRUE,TRUE,https://www.google.com/search?q=ajoblanco%20soup&tbm=isch
Ajo Blanco,White Gazpacho,Witte Gazpacho,Cold almond soup from Andalusia,Witte gazpacho met amandelen en druiven,€5-7,FALSE,FALSE,FALSE,TRUE,TRUE,https://www.google.com/search?q=ajo%20blanco&tbm=isch
Albóndigas,Meatballs,Gehaktballen,Meatballs typically made with beef and pork in tomato sauce,"Gehaktballen in tomatensaus, klassieke Spaanse tapas",€8-10,TRUE,TRUE,FALSE,FALSE,FALSE,https://www.google.com/search?q=albondigas%20spanish&tbm=isch
Alioli,Garlic Mayonnaise,Knoflookmayonaise,Garlic sauce with olive oil and sometimes egg,"Romige knoflookmayonaise, perfect bij vis en groenten",€2-3,FALSE,FALSE,FALSE,TRUE,TRUE,https://www.google.com/search?q=alioli%20sauce&tbm=isch
Almejas,Clams,Venusschelpen,Steamed clams in white wine sauce,"Venusschelpen, vaak gestoomd met witte wijn en knoflook",€9-13,FALSE,FALSE,TRUE,FALSE,FALSE,https://www.google.com/search?q=almejas%20spanish&tbm=isch
Anchoas,Anchovies,Ansjovis,Cured anchovy fillets in olive oil,"Ansjovis, gezouten vis gebruikt in salades en op toast",€6-8,FALSE,FALSE,TRUE,FALSE,FALSE,https://www.google.com/search?q=anchoas%20spanish&tbm=isch
Angulas,Baby Eels,Glasaaltjes,"Expensive delicacy, usually sautéed with garlic","Glasaaltjes, delicatesse vooral populair in Baskenland",€20-35,FALSE,FALSE,TRUE,FALSE,FALSE,https://www.google.com/search?q=angulas%20spanish&tbm=isch
Arroz con Leche,Rice Pudding,Rijstpudding,"Sweet dessert with rice, milk, cinnamon and lemon","Rijstpudding met kaneel, traditioneel Spaans dessert",€4-5,FALSE,FALSE,FALSE,TRUE,TRUE,https://www.google.com/search?q=arroz%20con%20leche&tbm=isch
Arroz con Pollo,Chicken Rice,Kippenrijst,Rice dish with chicken and vegetables,"Rijstgerecht met kip en groenten, comfort food",€10-13,FALSE,TRUE,FALSE,FALSE,FALSE,https://www.google.com/search?q=arroz%20con%20pollo&tbm=isch
Arroz Negro,Black Rice,Zwarte Rijst,"Rice cooked with squid ink, seafood, and vegetables","Zwarte rijst gekleurd met inktvisinkt, specialiteit uit Valencia",€12-15,FALSE,FALSE,TRUE,FALSE,FALSE,https://www.google.com/search?q=arroz%20negro&tbm=isch
Asado de Cordero,Roast Lamb,Geroosterd Lamsvlees,Slow-roasted lamb with herbs,Langzaam geroosterd lamsvlees met kruiden,€16-22,FALSE,TRUE,FALSE,FALSE,FALSE,https://www.google.com/search?q=asado%20cordero&tbm=isch
Atún,Tuna,Tonijn,"Tuna served in various ways, often as tapas","Tonijn, vaak gegriald of in tartaar",€8-12,FALSE,FALSE,TRUE,FALSE,FALSE,https://www.google.com/search?q=atun%20spanish%20tapa&tbm=isch
Bacalao,Codfish,Kabeljauw,Salted codfish prepared in various ways,"Kabeljauw, vaak gezouten en gebruikt in traditionele gerechten",€10-14,FALSE,FALSE,TRUE,FALSE,FALSE,https://www.google.com/search?q=bacalao%20spanish&tbm=isch
Berenjenas con Miel,Eggplant with Honey,Aubergine met Honing,Fried eggplant slices drizzled with honey,"Gefrituurde aubergine met honing, Andalusische specialiteit",€6-8,FALSE,FALSE,FALSE,FALSE,TRUE,https://www.google.com/search?q=berenjenas%20con%20miel&tbm=isch
Besugo,Sea Bream,Zeebrasem,Grilled or baked sea bream,"Zeebrasem, populaire vis vaak heel gegrild",€12-16,FALSE,FALSE,TRUE,FALSE,FALSE,https://www.google.com/search?q=besugo%20pescado&tbm=isch
Bistec,Steak,Biefstuk,Grilled beef steak,"Biefstuk, meestal gegriild en eenvoudig bereid",€14-20,FALSE,TRUE,FALSE,FALSE,FALSE,https://www.google.com/search?q=bistec%20spanish&tbm=isch
Bocadillo,Sandwich,Broodje,Baguette sandwich with various fillings,Spaans broodje op stokbrood met verschillende vullingen,€3-6,FALSE,FALSE,FALSE,FALSE,FALSE,https://www.google.com/search?q=bocadillo%20spanish&tbm=isch
Bonito,Bonito Tuna,Bonito Tonijn,"Fresh bonito tuna, grilled or canned","Bonito tonijn, vaak ingeblikt of vers gegriild",€10-14,FALSE,FALSE,TRUE,FALSE,FALSE,https://www.google.com/search?q=bonito%20del%20norte&tbm=isch
Boquerones,Marinated Anchovies,Gemarineerde Ansjovis,Fresh anchovies marinated in vinegar and olive oil,Verse ansjovis gemarineerd in azijn en olijfolie,€6-8,FALSE,FALSE,TRUE,FALSE,FALSE,https://www.google.com/search?q=boquerones%20en%20vinagre&tbm=isch
Bravas,Spicy Potatoes,Pittige Aardappeltjes,Fried potato cubes with spicy tomato sauce,Gebakken aardappelblokjes met pittige tomatensaus,€4-6,FALSE,FALSE,FALSE,FALSE,TRUE,https://www.google.com/search?q=patatas%20bravas&tbm=isch
Brocheta,Skewer,Spies,Mixed meat or vegetable skewers,"Spies met vlees, vis of groenten",€8-12,FALSE,TRUE,FALSE,FALSE,FALSE,https://www.google.com/search?q=brochetas%20spanish&tbm=isch
Buñuelos,Fritters,Beignets,Sweet or savory fried dough balls,"Zoete gefrituurde deegballetjes, vaak als dessert",€3-5,FALSE,FALSE,FALSE,TRUE,FALSE,https://www.google.com/search?q=bunuelos%20spanish&tbm=isch
Burger,Hamburger,Hamburger,Beef burger with various toppings,Hamburger op zijn Spaans,€8-12,FALSE,TRUE,FALSE,FALSE,FALSE,https://www.google.com/search?q=hamburguesa%20spanish&tbm=isch
Caballa,Mackerel,Makreel,"Grilled mackerel, often with vegetables","Makreel, vaak gegriild of gemarineerd",€9-12,FALSE,FALSE,TRUE,FALSE,FALSE,https://www.google.com/search?q=caballa%20pescado&tbm=isch
Cachopo,Stuffed Veal,Gevulde Kalfsvlees,"Veal stuffed with ham and cheese, breaded",Grote gevulde kalfssschnitzel uit Asturië,€15-18,FALSE,TRUE,FALSE,TRUE,FALSE,https://www.google.com/search?q=cachopo%20asturiano&tbm=isch
Caesar Salad,Caesar Salad,Caesar Salade,Romaine lettuce with caesar dressing and parmesan,"Caesar salade met kip, croutons en parmezaan",€7-10,FALSE,FALSE,FALSE,TRUE,FALSE,https://www.google.com/search?q=ensalada%20cesar&tbm=isch
Calabacín,Zucchini,Courgette,Grilled or stuffed zucchini,"Courgette, vaak gegrild of in ratatouille",€6-8,FALSE,FALSE,FALSE,FALSE,TRUE,https://www.google.com/search?q=calabacin%20spanish&tbm=isch
Calamares a la Romana,Fried Squid Rings,Gefrituurde Inktvisringen,Battered and fried squid rings,"Gefrituurde inktvisringen in beslag, populaire tapas",€8-10,FALSE,FALSE,TRUE,FALSE,FALSE,https://www.google.com/search?q=calamares%20a%20la%20romana&tbm=isch
Calçots,Grilled Green Onions,Gegrilde Groene Uien,Grilled spring onions served with romesco sauce,"Grote groene uien gegrild op houtkool, Catalaanse specialiteit",€10-15,FALSE,FALSE,FALSE,FALSE,TRUE,https://www.google.com/search?q=calcots&tbm=isch
Caldo Gallego,Galician Broth,Galicische Bouillon,"Hearty soup with beans, potatoes, greens and pork",Hartige bouillon met witte bonen uit Galicië,€5-7,TRUE,FALSE,FALSE,FALSE,FALSE,https://www.google.com/search?q=caldo%20gallego&tbm=isch
Canelones,Cannelloni,Cannelloni,Pasta tubes stuffed with meat or spinach,Cannelloni gevuld met vlees of ricotta,€9-12,FALSE,FALSE,FALSE,TRUE,FALSE,https://www.google.com/search?q=canelones%20spanish&tbm=isch
Caracoles,Snails,Slakken,Cooked snails in sauce,Slakken bereid met knoflook en peterselie,€8-10,FALSE,FALSE,FALSE,FALSE,FALSE,https://www.google.com/search?q=caracoles%20spanish&tbm=isch
Carbonara,Pasta Carbonara,Pasta Carbonara,"Pasta with eggs, cheese, and bacon","Pasta met spek, ei en kaas",€9-12,TRUE,FALSE,FALSE,TRUE,FALSE,https://www.google.com/search?q=pasta%20carbonara&tbm=isch
Carne Asada,Grilled Meat,Gegrild Vlees,Grilled and sliced beef,"Gegrild vlees, vaak rund- of varkensvlees",€14-18,FALSE,TRUE,FALSE,FALSE,FALSE,https://www.google.com/search?q=carne%20asada%20spanish&tbm=isch
Carpaccio,Carpaccio,Carpaccio,Thinly sliced raw beef or fish,Dun gesneden rauw rundvlees met rucola,€10-14,FALSE,TRUE,TRUE,FALSE,FALSE,https://www.google.com/search?q=carpaccio&tbm=isch
Carrillada,Beef/Pork Cheeks,Runderwangen/Varkenswangen,Slow-cooked meat cheeks in wine sauce,"Malse wangen van rund of varken, langzaam gestoofd",€12-16,TRUE,TRUE,FALSE,FALSE,FALSE,https://www.google.com/search?q=carrillada%20spanish&tbm=isch
Cava,Spanish Sparkling Wine,Spaanse Mousserende Wijn,Spanish sparkling wine similar to champagne,"Spaanse mousserende wijn, vooral uit Catalonië",€4-8,FALSE,FALSE,FALSE,FALSE,TRUE,https://www.google.com/search?q=cava%20spanish%20wine&tbm=isch
Cazón en Adobo,Marinated Dogfish,Gemarineerde Doornhaai,Fried fish marinated in spices and vinegar,Gemarineerde haaienfilet uit Andalusië,€8-10,FALSE,FALSE,TRUE,FALSE,FALSE,https://www.google.com/search?q=cazon%20en%20adobo&tbm=isch
Cecina,Cured Beef,Gedroogd Rundvlees,Air-dried cured beef from León,"Gedroogd en gezouten rundvlees, Spaanse charcuterie",€10-14,FALSE,TRUE,FALSE,FALSE,FALSE,https://www.google.com/search?q=cecina%20leon&tbm=isch
Centolla,Spider Crab,Spinnenkrab,"Large crab, often served cold","Grote spinnenkrab, delicatesse uit Noord-Spanje",€18-25,FALSE,FALSE,TRUE,FALSE,FALSE,https://www.google.com/search?q=centolla%20cangrejo&tbm=isch
Ceviche,Ceviche,Ceviche,Raw fish marinated in citrus juices,Rauwe vis gemarineerd in citroensap,€12-16,FALSE,FALSE,TRUE,FALSE,FALSE,https://www.google.com/search?q=ceviche&tbm=isch
Champiñones al Ajillo,Garlic Mushrooms,Knoflook Champignons,Mushrooms sautéed with garlic and olive oil,Champignons gebakken in knoflookolie,€6-8,FALSE,FALSE,FALSE,FALSE,TRUE,https://www.google.com/search?q=champinones%20al%20ajillo&tbm=isch
Chateaubriand,Chateaubriand,Chateaubriand,Premium beef cut for two people,Dikke ossenhaas voor twee personen,€35-45,FALSE,TRUE,FALSE,FALSE,FALSE,https://www.google.com/search?q=chateaubriand&tbm=isch
Chicken Wings,Chicken Wings,Kippenvleugels,Buffalo or BBQ chicken wings,"Kippenvleugels, vaak pittig gekruid",€7-10,FALSE,TRUE,FALSE,FALSE,FALSE,https://www.google.com/search?q=chicken%20wings&tbm=isch
Chipirones,Baby Squid,Baby Inktvis,Grilled or fried baby squid,"Baby inktvisjes, vaak gegriild of gefrituurrd",€9-12,FALSE,FALSE,TRUE,FALSE,FALSE,https://www.google.com/search?q=chipirones&tbm=isch
Chorizo,Chorizo,Chorizo,Spanish spiced pork sausage,Kruidige Spaanse worst met paprika,€6-8,TRUE,FALSE,FALSE,FALSE,FALSE,https://www.google.com/search?q=chorizo%20spanish&tbm=isch
Chuleta,Pork Chop,Varkenskotelet,Grilled pork chop,"Varkenskotelet, vaak gegriild",€10-14,TRUE,FALSE,FALSE,FALSE,FALSE,https://www.google.com/search?q=chuleta%20cerdo&tbm=isch
Chuletón,T-bone Steak,T-bone Steak,"Large T-bone steak, often shared",Grote T-bone steak voor delen,€25-35,FALSE,TRUE,FALSE,FALSE,FALSE,https://www.google.com/search?q=chuleton%20vasco&tbm=isch
Churros,Fried Dough Pastry,Churros,"Deep-fried dough pastry, often served with chocolate","Gefrituurde deegstengels met suiker, vaak met chocolade",€3-5,FALSE,FALSE,FALSE,FALSE,TRUE,https://www.google.com/search?q=churros%20spanish&tbm=isch
Club Sandwich,Club Sandwich,Club Sandwich,Triple-decker sandwich with chicken and bacon,"Drielaags sandwich met kip, spek en groenten",€8-11,FALSE,TRUE,FALSE,TRUE,FALSE,https://www.google.com/search?q=club%20sandwich&tbm=isch
Cochinillo Asado,Roast Suckling Pig,Gebraden Speenvarken,Roasted whole baby pig,"Geroosterd speenvarken, specialiteit uit Segovia",€20-30,TRUE,FALSE,FALSE,FALSE,FALSE,https://www.google.com/search?q=cochinillo%20asado&tbm=isch
Consommé,Clear Soup,Heldere Bouillon,Clear chicken or beef broth,"Heldere, krachtige bouillon",€4-6,FALSE,TRUE,FALSE,FALSE,FALSE,https://www.google.com/search?q=consomme%20soup&tbm=isch
Cordero,Lamb,Lamsvlees,Roasted or grilled lamb,"Lamsvlees, vaak geroosterd of gestoofd",€14-18,FALSE,TRUE,FALSE,FALSE,FALSE,https://www.google.com/search?q=cordero%20asado&tbm=isch
Crema Catalana,Catalan Cream,Catalaanse Crème,Custard dessert with caramelized sugar top,Catalaanse crème brûlée met citroen,€5-7,FALSE,FALSE,FALSE,TRUE,FALSE,https://www.google.com/search?q=crema%20catalana&tbm=isch
Croquetas,Croquettes,Kroketten,Fried breadcrumbed rolls with various fillings,"Kroketten met romige vulling van ham, kip of kaas",€6-8,FALSE,FALSE,FALSE,TRUE,FALSE,https://www.google.com/search?q=croquetas%20spanish&tbm=isch
Dátiles con Bacon,Dates with Bacon,Dadels met Spek,Dates wrapped in bacon,"Dadels omwikkeld met spek, zoet-hartige hapjes",€6-8,TRUE,FALSE,FALSE,FALSE,FALSE,https://www.google.com/search?q=datiles%20con%20bacon&tbm=isch
Dorada,Sea Bream,Zeebrasem,Grilled whole sea bream,"Goudbrasen, delicate vis vaak heel gegrild",€14-18,FALSE,FALSE,TRUE,FALSE,FALSE,https://www.google.com/search?q=dorada%20pescado&tbm=isch
Duck,Duck,Eend,Roasted duck breast or leg,"Eend, vaak geconfijt of geroosterd",€16-20,FALSE,TRUE,FALSE,FALSE,FALSE,https://www.google.com/search?q=pato%20asado&tbm=isch
Embutidos,Cold Cuts,Charcuterie,Selection of Spanish cured meats,Verschillende Spaanse worsten en charcuterie,€10-15,TRUE,FALSE,FALSE,FALSE,FALSE,https://www.google.com/search?q=embutidos%20spanish&tbm=isch
Empanada Gallega,Galician Pie,Galicische Pastei,"Pastry filled with tuna, meat or vegetables",Hartige taart met tonijn of vlees uit Galicië,€8-12,FALSE,TRUE,TRUE,FALSE,FALSE,https://www.google.com/search?q=empanada%20gallega&tbm=isch
Ensalada Mixta,Mixed Salad,Gemengde Salade,"Lettuce, tomato, onion, tuna salad","Gemengde salade met tomaat, ui en olijven",€6-8,FALSE,FALSE,TRUE,FALSE,TRUE,https://www.google.com/search?q=ensalada%20mixta&tbm=isch
Ensaladilla Rusa,Russian Salad,Russische Salade,Potato salad with vegetables and mayonnaise,"Aardappelsalade met mayonaise, erwten en wortels",€5-7,FALSE,FALSE,FALSE,TRUE,FALSE,https://www.google.com/search?q=ensaladilla%20rusa&tbm=isch
Entrecot,Ribeye Steak,Ribeye Steak,Grilled ribeye steak,"Ribeye steak, malse en smaakvolle biefstuk",€16-22,FALSE,TRUE,FALSE,FALSE,FALSE,https://www.google.com/search?q=entrecot&tbm=isch
Escalivada,Roasted Vegetables,Geroosterde Groenten,"Roasted eggplant, peppers, and onions","Geroosterde paprika's, aubergine en ui",€7-9,FALSE,FALSE,FALSE,FALSE,TRUE,https://www.google.com/search?q=escalivada&tbm=isch
Escabeche,Pickled Fish,Ingelegde Vis,Fish marinated in vinegar and spices,Vis gemarineerd in azijn met groenten,€8-11,FALSE,FALSE,TRUE,FALSE,FALSE,https://www.google.com/search?q=escabeche%20pescado&tbm=isch
Espárragos,Asparagus,Asperges,Usually white asparagus served with various sauces,"Asperges, vaak wit en uit blik",€7-10,FALSE,FALSE,FALSE,FALSE,TRUE,https://www.google.com/search?q=esparragos%20spanish%20tapa&tbm=isch
Espeto,Skewered Fish,Vis aan het Spit,Grilled sardines or other fish on skewers,Sardines geroosterd op stokken boven houtskool,€8-12,FALSE,FALSE,TRUE,FALSE,FALSE,https://www.google.com/search?q=espeto%20sardinas&tbm=isch
Fabada Asturiana,Asturian Bean Stew,Asturische Bonenstoofpot,"Stew with large white beans, chorizo, morcilla, and pork",Stevige witte bonenstoofpot met chorizo uit Asturië,€10-14,TRUE,FALSE,FALSE,FALSE,FALSE,https://www.google.com/search?q=fabada%20asturiana&tbm=isch
Falafel,Falafel,Falafel,Middle Eastern chickpea fritters,Gefrituurde kikkererwtenballetjes,€6-8,FALSE,FALSE,FALSE,FALSE,TRUE,https://www.google.com/search?q=falafel&tbm=isch
Fideuà,Noodle Paella,Noedel Paella,"Paella-style dish made with short pasta instead of rice, usually with seafood",Paella maar dan met dunne noedels in plaats van rijst,€12-16,FALSE,FALSE,TRUE,FALSE,FALSE,https://www.google.com/search?q=fideua&tbm=isch
Fish & Chips,Fish & Chips,Fish & Chips,Battered fish with french fries,"Gefrituurde vis met patat, Britse import",€9-12,FALSE,FALSE,TRUE,FALSE,FALSE,https://www.google.com/search?q=fish%20and%20chips&tbm=isch
Flan,Caramel Custard,Karamel Pudding,Sweet egg custard with caramel sauce,"Karamelpudding, klassiek Spaans dessert",€4-6,FALSE,FALSE,FALSE,TRUE,TRUE,https://www.google.com/search?q=flan%20spanish%20dessert&tbm=isch
Foie Gras,Foie Gras,Foie Gras,Duck or goose liver pâté,"Ganzen- of eendenlever, luxe voorgerecht",€15-20,FALSE,FALSE,FALSE,FALSE,FALSE,https://www.google.com/search?q=foie%20gras&tbm=isch
French Fries,French Fries,Patat,Classic french fries,Patat of friet,€3-5,FALSE,FALSE,FALSE,FALSE,TRUE,https://www.google.com/search?q=patatas%20fritas&tbm=isch
Fresas con Nata,Strawberries with Cream,Aardbeien met Slagroom,Fresh strawberries with whipped cream,Verse aardbeien met slagroom,€5-7,FALSE,FALSE,FALSE,TRUE,TRUE,https://www.google.com/search?q=fresas%20con%20nata&tbm=isch
Fricandó,Catalan Beef Stew,Catalaanse Runderstoofpot,Beef stew with mushrooms,Catalaanse runderstoofpot met champignons,€12-15,FALSE,TRUE,FALSE,FALSE,FALSE,https://www.google.com/search?q=fricando%20catalan&tbm=isch
Fritura de Pescado,Mixed Fried Fish,Gemengde Gefrituurde Vis,Assortment of small fried fish,Mix van verschillende kleine gefrituurde visjes,€10-14,FALSE,FALSE,TRUE,FALSE,FALSE,https://www.google.com/search?q=fritura%20de%20pescado&tbm=isch
Gamba Roja,Red Prawns,Rode Garnalen,Premium red prawns from Mediterranean,"Rode garnalen, grote en smaakvolle garnalen",€18-25,FALSE,FALSE,TRUE,FALSE,FALSE,https://www.google.com/search?q=gamba%20roja&tbm=isch
Gambas al Ajillo,Garlic Shrimp,Knoflook Garnalen,Shrimp sautéed with garlic and olive oil,"Garnalen gebakken in knoflookolie, klassieke tapas",€10-14,FALSE,FALSE,TRUE,FALSE,FALSE,https://www.google.com/search?q=gambas%20al%20ajillo&tbm=isch
Garbanzos,Chickpeas,Kikkererwten,"Chickpea stew, sometimes with chorizo","Kikkererwten, vaak in stoofpotten",€7-9,FALSE,FALSE,FALSE,FALSE,TRUE,https://www.google.com/search?q=garbanzos%20spanish&tbm=isch
Gazpacho,Cold Tomato Soup,Koude Tomatensoep,Cold soup made with raw blended vegetables,"Koude tomatensoep met groenten, zomers gerecht",€5-7,FALSE,FALSE,FALSE,FALSE,TRUE,https://www.google.com/search?q=gazpacho&tbm=isch
Gilda,"Olive, Pepper and Anchovy Skewer","Olijf, Peper en Ansjovis Spies","Traditional Basque pintxo with olives, peppers, and anchovies","Spiesje met olijf, ansjovis en paprika",€2-3,FALSE,FALSE,TRUE,FALSE,FALSE,https://www.google.com/search?q=gilda%20pintxo&tbm=isch
Gofres,Waffles,Wafels,"Sweet waffles often served with chocolate, cream or fruit",Wafels met verschillende toppings,€4-6,FALSE,FALSE,FALSE,TRUE,FALSE,https://www.google.com/search?q=gofres%20spanish&tbm=isch
Greek Salad,Greek Salad,Griekse Salade,"Tomatoes, cucumber, olives, feta cheese","Griekse salade met feta, olijven en tomaten",€7-9,FALSE,FALSE,FALSE,TRUE,TRUE,https://www.google.com/search?q=ensalada%20griega&tbm=isch
Guacamole,Guacamole,Guacamole,Avocado dip with lime and spices,Avocadodip met limoen en koriander,€5-7,FALSE,FALSE,FALSE,FALSE,TRUE,https://www.google.com/search?q=guacamole&tbm=isch
Hamburguesa,Hamburger,Hamburger,Beef burger with various toppings,Hamburger met friet,€8-12,FALSE,TRUE,FALSE,FALSE,FALSE,https://www.google.com/search?q=hamburguesa&tbm=isch
Helado,Ice Cream,IJs,Various flavors of ice cream,Ijs in verschillende smaken,€3-5,FALSE,FALSE,FALSE,TRUE,TRUE,https://www.google.com/search?q=helado%20spanish&tbm=isch
Hígado,Liver,Lever,Grilled or sautéed liver,"Lever, vaak van kalf of varken",€8-10,FALSE,TRUE,FALSE,FALSE,FALSE,https://www.google.com/search?q=higado%20encebollado&tbm=isch
Huevos Rotos,Broken Eggs,Gebroken Eieren,"Fried eggs served over potatoes, often with ham or chorizo","Spiegelei over gebakken aardappels, simpel maar lekker",€8-10,FALSE,FALSE,FALSE,FALSE,FALSE,https://www.google.com/search?q=huevos%20rotos&tbm=isch
Hummus,Hummus,Hummus,Chickpea dip with tahini,Kikkererwten spread met tahini,€4-6,FALSE,FALSE,FALSE,FALSE,TRUE,https://www.google.com/search?q=hummus&tbm=isch
Ibérico,Iberian Ham,Iberische Ham,Premium cured ham from black Iberian pigs,"Iberische ham van zwarte varkens, topkwaliteit",€12-20,TRUE,FALSE,FALSE,FALSE,FALSE,https://www.google.com/search?q=jamon%20iberico&tbm=isch
Idiazábal,Idiazábal Cheese,Idiazábal Kaas,Smoked sheep cheese from Basque Country,Gerookte schapenkaas uit Baskenland,€8-11,FALSE,FALSE,FALSE,TRUE,FALSE,https://www.google.com/search?q=queso%20idiazabal&tbm=isch
Jamón Serrano,Serrano Ham,Serrano Ham,Dry-cured Spanish ham,"Gedroogde ham, minder duur dan Ibérico",€10-15,TRUE,FALSE,FALSE,FALSE,FALSE,https://www.google.com/search?q=jamon%20serrano&tbm=isch
Judías Verdes,Green Beans,Sperziebonen,Sautéed green beans with garlic,"Sperziebonen, vaak gestoofd met tomaat",€5-7,FALSE,FALSE,FALSE,FALSE,TRUE,https://www.google.com/search?q=judias%20verdes&tbm=isch
Lacón con Grelos,Pork Shoulder with Greens,Varkensschouder met Groenten,Galician dish with pork shoulder and turnip greens,Varkensschouder met rapen bladeren uit Galicië,€12-15,TRUE,FALSE,FALSE,FALSE,FALSE,https://www.google.com/search?q=lacon%20con%20grelos&tbm=isch
Langosta,Lobster,Kreeft,Grilled or boiled lobster,"Kreeft, meestal gekookt of gegrild",€25-40,FALSE,FALSE,TRUE,FALSE,FALSE,https://www.google.com/search?q=langosta&tbm=isch
Langostinos,King Prawns,Langoustines,"Large prawns, grilled or fried",Grote garnalen of langoustines,€12-18,FALSE,FALSE,TRUE,FALSE,FALSE,https://www.google.com/search?q=langostinos&tbm=isch
Lasaña,Lasagna,Lasagne,Layered pasta with meat and cheese,Lasagne met vlees en bechamelsaus,€10-13,FALSE,TRUE,FALSE,TRUE,FALSE,https://www.google.com/search?q=lasana&tbm=isch
Lechazo,Roast Lamb,Gebraden Lam,Slow-roasted baby lamb,"Gebraden melklam, specialiteit uit Castilië",€18-24,FALSE,TRUE,FALSE,FALSE,FALSE,https://www.google.com/search?q=lechazo%20asado&tbm=isch
Leche Frita,Fried Milk,Gefrituurde Melk,Sweet dessert made from milk pudding that is breaded and fried,Gefrituurde melkpudding met kaneel,€5-7,FALSE,FALSE,FALSE,TRUE,FALSE,https://www.google.com/search?q=leche%20frita&tbm=isch
Lentejas,Lentil Stew,Linzensoep,Hearty stew with lentils and vegetables,"Linzensoep of stoofpot, wintergerecht",€8-10,FALSE,FALSE,FALSE,FALSE,TRUE,https://www.google.com/search?q=lentejas%20spanish&tbm=isch
Lomo,Pork Loin,Varkenshaas,Grilled or roasted pork loin,"Varkenshaas, mager en mals vlees",€11-14,TRUE,FALSE,FALSE,FALSE,FALSE,https://www.google.com/search?q=lomo%20cerdo&tbm=isch
Lubina,Sea Bass,Zeebaars,Grilled or baked sea bass,"Zeebaars, populaire vis meestal gegriild",€14-18,FALSE,FALSE,TRUE,FALSE,FALSE,https://www.google.com/search?q=lubina%20pescado&tbm=isch
Macarrones,Macaroni,Macaroni,Pasta with tomato or cheese sauce,Macaroni met verschillende sauzen,€7-9,FALSE,FALSE,FALSE,TRUE,FALSE,https://www.google.com/search?q=macarrones&tbm=isch
Magret de Pato,Duck Breast,Eendenborst,Grilled duck breast,"Eendenborst, vaak rosé geserveerd",€16-20,FALSE,TRUE,FALSE,FALSE,FALSE,https://www.google.com/search?q=magret%20pato&tbm=isch
Manchego,Manchego Cheese,Manchego Kaas,Firm cheese made from sheep's milk in La Mancha region,Harde schapenkaas uit La Mancha,€8-12,FALSE,FALSE,FALSE,TRUE,FALSE,https://www.google.com/search?q=manchego%20cheese&tbm=isch
Mariscada,Seafood Platter,Zeevruchten Schotel,Mixed seafood platter with shellfish,Grote schotel met verschillende zeevruchten,€20-30,FALSE,FALSE,TRUE,FALSE,FALSE,https://www.google.com/search?q=mariscada&tbm=isch
Mejillones,Mussels,Mosselen,Steamed mussels usually in wine or tomato sauce,"Mosselen, vaak gestoomd of gekookt",€8-12,FALSE,FALSE,TRUE,FALSE,FALSE,https://www.google.com/search?q=mejillones%20spanish&tbm=isch
Mero,Grouper,Tandbaars,Grilled grouper fillet,"Tandbaars, grote witte vis",€15-19,FALSE,FALSE,TRUE,FALSE,FALSE,https://www.google.com/search?q=mero%20pescado&tbm=isch
Migas,Breadcrumbs,Broodkruimels,Fried breadcrumbs often with chorizo and peppers,Gebakken broodkruimels met chorizo en spek,€7-9,TRUE,FALSE,FALSE,FALSE,FALSE,https://www.google.com/search?q=migas%20spanish&tbm=isch
Mojo Rojo/Verde,Red/Green Sauce,Rode/Groene Saus,"Canarian sauces made with peppers, garlic, and spices",Canarische sauzen van paprika of koriander,€3-5,FALSE,FALSE,FALSE,FALSE,TRUE,https://www.google.com/search?q=mojo%20canario&tbm=isch
Montaditos,Small Open Sandwiches,Kleine Open Broodjes,Small bread slices with various toppings,Kleine open broodjes met verschillende toppings,€2-4,FALSE,FALSE,FALSE,FALSE,FALSE,https://www.google.com/search?q=montaditos%20spanish&tbm=isch
Morcilla,Blood Sausage,Bloedworst,Spanish blood sausage often containing rice,"Bloedworst met rijst, Spaanse specialiteit",€6-8,TRUE,FALSE,FALSE,FALSE,FALSE,https://www.google.com/search?q=morcilla%20spanish&tbm=isch
Mousse de Chocolate,Chocolate Mousse,Chocolademousse,Rich chocolate dessert,"Chocolademousse, luchtig dessert",€5-7,FALSE,FALSE,FALSE,TRUE,TRUE,https://www.google.com/search?q=mousse%20chocolate&tbm=isch
Mozzarella,Mozzarella,Mozzarella,Fresh mozzarella with tomato and basil,"Mozzarella kaas, vaak met tomaat",€7-9,FALSE,FALSE,FALSE,TRUE,FALSE,https://www.google.com/search?q=mozzarella%20tomate&tbm=isch
Nachos,Nachos,Nachos,Tortilla chips with cheese and toppings,Mexicaanse tortillachips met kaas en dips,€6-8,FALSE,FALSE,FALSE,TRUE,FALSE,https://www.google.com/search?q=nachos&tbm=isch
Natillas,Custard,Vla,Spanish vanilla custard dessert,Vanillevla als dessert,€4-6,FALSE,FALSE,FALSE,TRUE,TRUE,https://www.google.com/search?q=natillas%20spanish&tbm=isch
Navajas,Razor Clams,Messen,Grilled razor clams with garlic and parsley,"Messen, langwerpige schelpdieren",€12-16,FALSE,FALSE,TRUE,FALSE,FALSE,https://www.google.com/search?q=navajas%20mariscos&tbm=isch
Ñoquis,Gnocchi,Gnocchi,Potato dumplings with various sauces,"Gnocchi, aardappelknoedels met saus",€8-11,FALSE,FALSE,FALSE,TRUE,TRUE,https://www.google.com/search?q=noquis&tbm=isch
Nuggets de Pollo,Chicken Nuggets,Kip Nuggets,Breaded and fried chicken pieces,Kip nuggets voor kinderen,€6-8,FALSE,TRUE,FALSE,FALSE,FALSE,https://www.google.com/search?q=nuggets%20pollo&tbm=isch
Onion Rings,Onion Rings,Uienringen,Battered and fried onion rings,Gefrituurde uienringen,€4-6,FALSE,FALSE,FALSE,FALSE,TRUE,https://www.google.com/search?q=onion%20rings&tbm=isch
Oreja a la Plancha,Grilled Pig Ear,Gegrilde Varkensoor,"Grilled pig ear, traditional tapa","Gegrilde varkensoor, traditioneel gerecht",€6-8,TRUE,FALSE,FALSE,FALSE,FALSE,https://www.google.com/search?q=oreja%20plancha&tbm=isch
Ostras,Oysters,Oesters,Fresh oysters served raw or grilled,"Oesters, vaak rauw met citroen",€15-25,FALSE,FALSE,TRUE,FALSE,FALSE,https://www.google.com/search?q=ostras&tbm=isch
Oxtail,Oxtail,Ossenstaart,Slow-braised oxtail in red wine,"Ossenstaart, langzaam gestoofd tot mals",€14-18,FALSE,TRUE,FALSE,FALSE,FALSE,https://www.google.com/search?q=rabo%20toro&tbm=isch
Pad Thai,Pad Thai,Pad Thai,Thai stir-fried noodles,Thaise noedelschotel met garnalen,€9-12,FALSE,FALSE,FALSE,FALSE,TRUE,https://www.google.com/search?q=pad%20thai&tbm=isch
Paella de Mariscos,Seafood Paella,Zeevruchten Paella,Rice with mixed seafood and saffron,Paella met zeevruchten zoals garnalen en mosselen,€16-22,FALSE,FALSE,TRUE,FALSE,FALSE,https://www.google.com/search?q=paella%20mariscos&tbm=isch
Paella Mixta,Mixed Paella,Gemengde Paella,"Rice with chicken, seafood, and vegetables",Gemengde paella met vlees en zeevruchten,€16-20,FALSE,TRUE,TRUE,FALSE,FALSE,https://www.google.com/search?q=paella%20mixta&tbm=isch
Paella Valenciana,Valencian Paella,Valenciaanse Paella,"Traditional rice dish with chicken, rabbit, and beans","Originele paella met kip, konijn en bonen",€15-20,FALSE,TRUE,FALSE,FALSE,FALSE,https://www.google.com/search?q=paella%20valenciana&tbm=isch
Pan con Tomate,Bread with Tomato,Brood met Tomaat,Toasted bread rubbed with tomato and olive oil,"Toast met tomaat, knoflook en olijfolie",€3-5,FALSE,FALSE,FALSE,FALSE,TRUE,https://www.google.com/search?q=pan%20con%20tomate&tbm=isch
Pasta Bolognesa,Bolognese Pasta,Pasta Bolognese,Pasta with meat sauce,Pasta met vlees-tomatensaus,€9-12,FALSE,TRUE,FALSE,TRUE,FALSE,https://www.google.com/search?q=pasta%20bolognesa&tbm=isch
Patatas Alioli,Potatoes with Alioli,Aardappels met Alioli,Boiled potatoes served with garlic mayonnaise,Gebakken aardappels met knoflookmayonaise,€5-7,FALSE,FALSE,FALSE,TRUE,TRUE,https://www.google.com/search?q=patatas%20alioli&tbm=isch
Patatas Asadas,Roasted Potatoes,Geroosterde Aardappels,Roasted potatoes with herbs,Geroosterde aardappels met kruiden,€4-6,FALSE,FALSE,FALSE,FALSE,TRUE,https://www.google.com/search?q=patatas%20asadas&tbm=isch
Pato,Duck,Eend,Roasted duck with orange sauce,"Eend, vaak geconfijt of geroosterd",€16-20,FALSE,TRUE,FALSE,FALSE,FALSE,https://www.google.com/search?q=pato%20naranja&tbm=isch
Percebes,Gooseneck Barnacles,Zeepokken,Expensive Galician delicacy,"Zeepokken, bijzondere schaaldieren uit Galicië",€25-40,FALSE,FALSE,TRUE,FALSE,FALSE,https://www.google.com/search?q=percebes&tbm=isch
Pescaíto Frito,Fried Fish,Gefrituurde Vis,Mixed small fried fish from Andalusia,Kleine gefrituurde visjes uit Andalusië,€10-14,FALSE,FALSE,TRUE,FALSE,FALSE,https://www.google.com/search?q=pescaito%20frito&tbm=isch
Pimientos de Padrón,Padrón Peppers,Padrón Pepers,"Small green peppers, some spicy, some mild","Kleine groene pepers, meestal mild",€5-7,FALSE,FALSE,FALSE,FALSE,TRUE,https://www.google.com/search?q=pimientos%20padron&tbm=isch
Pimientos Rellenos,Stuffed Peppers,Gevulde Paprika's,Peppers stuffed with meat or rice,Paprika's gevuld met vlees of rijst,€8-10,FALSE,TRUE,FALSE,FALSE,FALSE,https://www.google.com/search?q=pimientos%20rellenos&tbm=isch
Pinchos Morunos,Moorish Skewers,Moorse Spiesjes,Spiced pork skewers,Gekruide vlesspiesjes in Moorse stijl,€7-9,TRUE,FALSE,FALSE,FALSE,FALSE,https://www.google.com/search?q=pinchos%20morunos&tbm=isch
Pizza Margarita,Margherita Pizza,Margherita Pizza,"Pizza with tomato, mozzarella, and basil","Pizza met tomaat, mozzarella en basilicum",€8-12,FALSE,FALSE,FALSE,TRUE,TRUE,https://www.google.com/search?q=pizza%20margarita&tbm=isch
Pizza Pepperoni,Pepperoni Pizza,Pepperoni Pizza,Pizza with pepperoni and cheese,Pizza met pepperoni worst,€9-13,TRUE,FALSE,FALSE,TRUE,FALSE,https://www.google.com/search?q=pizza%20pepperoni&tbm=isch
Plato Combinado,Mixed Plate,Gemengd Bord,"Combination plate with meat, eggs, and fries","Gemengd bord met vlees, ei en friet",€9-13,FALSE,TRUE,FALSE,FALSE,FALSE,https://www.google.com/search?q=plato%20combinado&tbm=isch
Pollo al Ajillo,Garlic Chicken,Knoflook Kip,Chicken pieces sautéed with garlic,Kip gebakken in knoflookolie,€9-12,FALSE,TRUE,FALSE,FALSE,FALSE,https://www.google.com/search?q=pollo%20ajillo&tbm=isch
Pollo Asado,Roast Chicken,Gebraden Kip,Roasted chicken with herbs,Geroosterde kip met kruiden,€10-14,FALSE,TRUE,FALSE,FALSE,FALSE,https://www.google.com/search?q=pollo%20asado&tbm=isch
Polpo a la Gallega,Galician Octopus,Galicische Octopus,Boiled octopus with paprika and olive oil,Galicische octopus met paprikapoeder,€12-16,FALSE,FALSE,TRUE,FALSE,FALSE,https://www.google.com/search?q=pulpo%20gallega&tbm=isch
Pulpo a Feira,Fair-style Octopus,Markt-stijl Octopus,Galician-style octopus with paprika,Octopus zoals geserveerd op marktpleinen,€12-16,FALSE,FALSE,TRUE,FALSE,FALSE,https://www.google.com/search?q=pulpo%20feira&tbm=isch
Quesadilla,Quesadilla,Quesadilla,"Flour tortilla with cheese, sometimes with meat",Mexicaanse tortilla met kaas,€6-9,FALSE,FALSE,FALSE,TRUE,FALSE,https://www.google.com/search?q=quesadilla&tbm=isch
Queso de Cabra,Goat Cheese,Geitenkaas,"Spanish goat cheese, often grilled","Geitenkaas, vaak warm geserveerd",€7-10,FALSE,FALSE,FALSE,TRUE,FALSE,https://www.google.com/search?q=queso%20cabra&tbm=isch
Queso Frito,Fried Cheese,Gefrituurde Kaas,Breaded and fried cheese,"Gefrituurde kaas, populair op Canarische Eilanden",€6-8,FALSE,FALSE,FALSE,TRUE,FALSE,https://www.google.com/search?q=queso%20frito&tbm=isch
Quinoa Salad,Quinoa Salad,Quinoa Salade,Healthy quinoa salad with vegetables,Quinoa salade met groenten,€8-11,FALSE,FALSE,FALSE,FALSE,TRUE,https://www.google.com/search?q=ensalada%20quinoa&tbm=isch
Rabo de Toro,Oxtail Stew,Ossenstaart Stoofpot,Slow-cooked oxtail in red wine sauce,"Ossenstaart stoofpot, traditioneel gerecht",€14-18,FALSE,TRUE,FALSE,FALSE,FALSE,https://www.google.com/search?q=rabo%20toro&tbm=isch
Rape,Monkfish,Zeeduivel,Grilled or sautéed monkfish,"Zeeduivel, vis met stevige textuur",€14-18,FALSE,FALSE,TRUE,FALSE,FALSE,https://www.google.com/search?q=rape%20pescado&tbm=isch
Raya,Skate,Rog,Grilled skate wing with capers,"Rog, platvis vaak gegrild",€12-15,FALSE,FALSE,TRUE,FALSE,FALSE,https://www.google.com/search?q=raya%20pescado&tbm=isch
Revuelto de Setas,Scrambled Eggs with Mushrooms,Roerei met Paddestoelen,Scrambled eggs with wild mushrooms,Roerei met wilde paddenstoelen,€7-9,FALSE,FALSE,FALSE,FALSE,TRUE,https://www.google.com/search?q=revuelto%20setas&tbm=isch
Ribs,Ribs,Spareribs,BBQ pork ribs,Spareribs met barbecuesaus,€12-16,TRUE,FALSE,FALSE,FALSE,FALSE,https://www.google.com/search?q=costillas%20bbq&tbm=isch
Risotto,Risotto,Risotto,Italian rice dish with various ingredients,Italiaanse risotto met verschillende vullingen,€10-14,FALSE,FALSE,FALSE,TRUE,TRUE,https://www.google.com/search?q=risotto&tbm=isch
Rodaballo,Turbot,Tarbot,Grilled turbot fish,"Tarbot, dure platvis vaak heel bereid",€16-22,FALSE,FALSE,TRUE,FALSE,FALSE,https://www.google.com/search?q=rodaballo&tbm=isch
Rosada,Red Scorpionfish,Rode Schorpioenvis,"Mediterranean fish, grilled or fried",Rode schorpioenvis,€12-16,FALSE,FALSE,TRUE,FALSE,FALSE,https://www.google.com/search?q=rosada%20pescado&tbm=isch
Salchichón,Spanish Salami,Spaanse Salami,Cured Spanish sausage,Spaanse salami met peper,€8-10,TRUE,FALSE,FALSE,FALSE,FALSE,https://www.google.com/search?q=salchichon&tbm=isch
Salmón a la Plancha,Grilled Salmon,Gegrilde Zalm,Grilled salmon fillet,Gegrilde zalm met kruiden,€14-18,FALSE,FALSE,TRUE,FALSE,FALSE,https://www.google.com/search?q=salmon%20plancha&tbm=isch
Salmonetes,Red Mullet,Mul,"Small Mediterranean fish, usually fried","Roodbaars, kleine vis met intense smaak",€10-14,FALSE,FALSE,TRUE,FALSE,FALSE,https://www.google.com/search?q=salmonetes&tbm=isch
Salmorejo,Salmorejo,Salmorejo,Cold tomato soup thicker than gazpacho,Dikke koude soep uit Córdoba met ham,€5-7,FALSE,FALSE,FALSE,FALSE,TRUE,https://www.google.com/search?q=salmorejo&tbm=isch
Sandwich Mixto,Mixed Sandwich,Gemengde Sandwich,Grilled sandwich with ham and cheese,Tosti met ham en kaas,€4-6,TRUE,FALSE,FALSE,TRUE,FALSE,https://www.google.com/search?q=sandwich%20mixto&tbm=isch
Sangría,Sangria,Sangria,Wine-based cocktail with fruit,"Wijn punch met fruit, zomerdrankje",€5-8,FALSE,FALSE,FALSE,FALSE,TRUE,https://www.google.com/search?q=sangria&tbm=isch
Sardinas,Sardines,Sardines,Grilled fresh sardines,"Sardines, vaak gegrild of ingelegd",€8-10,FALSE,FALSE,TRUE,FALSE,FALSE,https://www.google.com/search?q=sardinas%20plancha&tbm=isch
Secreto Ibérico,Iberian Secret,Iberisch Geheim,Premium cut from Iberian pork shoulder,Speciaal stuk vlees van Iberisch varken,€16-20,TRUE,FALSE,FALSE,FALSE,FALSE,https://www.google.com/search?q=secreto%20iberico&tbm=isch
Sepia,Cuttlefish,Zeekat,Grilled or fried cuttlefish,"Zeekat, vaak gegrild of gefrituurrd",€10-13,FALSE,FALSE,TRUE,FALSE,FALSE,https://www.google.com/search?q=sepia%20plancha&tbm=isch
Solomillo,Tenderloin,Ossenhaas,Beef or pork tenderloin,"Ossenhaas, malste stuk vlees",€16-22,FALSE,TRUE,FALSE,FALSE,FALSE,https://www.google.com/search?q=solomillo&tbm=isch
Sopa de Ajo,Garlic Soup,Knoflooksoep,Traditional garlic soup with bread and egg,Knoflooksoep met brood en ei,€5-7,FALSE,FALSE,FALSE,FALSE,TRUE,https://www.google.com/search?q=sopa%20ajo&tbm=isch
Sopa de Mariscos,Seafood Soup,Zeevruchten Soep,Rich seafood soup,Zeevruchtensoep met verschillende schaaldieren,€8-12,FALSE,FALSE,TRUE,FALSE,FALSE,https://www.google.com/search?q=sopa%20mariscos&tbm=isch
Spaghetti Aglio e Olio,Spaghetti with Garlic and Oil,Spaghetti met Knoflook en Olie,Simple pasta with garlic and olive oil,Spaghetti met knoflook en olijfolie,€7-9,FALSE,FALSE,FALSE,FALSE,TRUE,https://www.google.com/search?q=spaghetti%20aglio%20olio&tbm=isch
Spaghetti Tartufo,Truffle Spaghetti,Truffel Spaghetti,Pasta with truffle and cheese,Spaghetti met truffel,€15-20,FALSE,FALSE,FALSE,TRUE,TRUE,https://www.google.com/search?q=spaghetti%20tartufo&tbm=isch
Sushi,Sushi,Sushi,Japanese raw fish with rice,Japanse sushi met rauwe vis,€12-20,FALSE,FALSE,TRUE,FALSE,FALSE,https://www.google.com/search?q=sushi&tbm=isch
Tacos,Tacos,Tacos,Soft tortillas with various fillings,Mexicaanse taco's met verschillende vullingen,€6-9,FALSE,TRUE,FALSE,FALSE,FALSE,https://www.google.com/search?q=tacos&tbm=isch
Tartar de Atún,Tuna Tartar,Tonijn Tartaar,Raw diced tuna with seasonings,Rauwe tonijntartaar met kruiden,€12-16,FALSE,FALSE,TRUE,FALSE,FALSE,https://www.google.com/search?q=tartar%20atun&tbm=isch
Tempura,Tempura,Tempura,Japanese battered and fried vegetables or seafood,Japanse gefrituurde groenten of garnalen,€10-14,FALSE,FALSE,TRUE,FALSE,TRUE,https://www.google.com/search?q=tempura&tbm=isch
Ternera,Veal,Kalfsvlees,Grilled or roasted veal,"Kalfsvlees, jong en mals rundvlees",€14-18,FALSE,TRUE,FALSE,FALSE,FALSE,https://www.google.com/search?q=ternera%20asada&tbm=isch
Tiramisu,Tiramisu,Tiramisu,Italian coffee-flavored dessert,Italiaans dessert met mascarpone en koffie,€5-7,FALSE,FALSE,FALSE,TRUE,TRUE,https://www.google.com/search?q=tiramisu&tbm=isch
Torrijas,Spanish French Toast,Spaanse Wentelteefjes,Fried bread soaked in milk and eggs,Spaanse wentelteefjes met kaneel,€4-6,FALSE,FALSE,FALSE,TRUE,TRUE,https://www.google.com/search?q=torrijas&tbm=isch
Tortilla Española,Spanish Omelette,Spaanse Omelet,Thick omelette with potatoes,Spaanse omelet met aardappels en ui,€5-7,FALSE,FALSE,FALSE,FALSE,TRUE,https://www.google.com/search?q=tortilla%20espanola&tbm=isch
Tortilla Francesa,French Omelette,Franse Omelet,Simple plain omelette,Gewone omelet zonder vulling,€4-6,FALSE,FALSE,FALSE,FALSE,TRUE,https://www.google.com/search?q=tortilla%20francesa&tbm=isch
Tostada,Toast,Toast,Toasted bread with various toppings,Toast met verschillende toppings,€3-5,FALSE,FALSE,FALSE,FALSE,TRUE,https://www.google.com/search?q=tostada%20spanish&tbm=isch
Trucha,Trout,Forel,Grilled or fried river trout,"Forel, zoetwater vis vaak gegrild",€10-13,FALSE,FALSE,TRUE,FALSE,FALSE,https://www.google.com/search?q=trucha%20pescado&tbm=isch
Urta,Red Sea Bream,Rode Zeebrasem,Grilled red sea bream from Cádiz,Rode zeebrasem uit Andalusië,€14-18,FALSE,FALSE,TRUE,FALSE,FALSE,https://www.google.com/search?q=urta%20pescado&tbm=isch
Vieiras,Scallops,Jakobsschelpen,Grilled scallops with garlic,"Jakobsschelpen, vaak gratineerd",€12-16,FALSE,FALSE,TRUE,FALSE,FALSE,https://www.google.com/search?q=vieiras&tbm=isch
Vitello Tonnato,Veal with Tuna Sauce,Kalfsvlees met Tonijnsaus,Cold veal with tuna mayonnaise,Kalfsvlees met tonijnsaus,€12-15,FALSE,TRUE,TRUE,FALSE,FALSE,https://www.google.com/search?q=vitello%20tonnato&tbm=isch
Wok de Verduras,Vegetable Wok,Groenten Wok,Stir-fried vegetables,Groenten roerbak in Aziatische stijl,€7-9,FALSE,FALSE,FALSE,FALSE,TRUE,https://www.google.com/search?q=wok%20verduras&tbm=isch
Yogurt,Yogurt,Yoghurt,Plain or flavored yogurt,Yoghurt met fruit of honing,€3-4,FALSE,FALSE,FALSE,TRUE,TRUE,https://www.google.com/search?q=yogurt&tbm=isch
Zamburiñas,Baby Scallops,Baby Jakobsschelpen,Small scallops grilled with garlic,"Baby jakobsschelpen, vaak gratineerd",€10-14,FALSE,FALSE,TRUE,FALSE,FALSE,https://www.google.com/search?q=zamburinas&tbm=isch
Zanahoria,Carrots,Worteltjes,Glazed or roasted carrots,Worteltjes als bijgerecht,€4-6,FALSE,FALSE,FALSE,FALSE,TRUE,https://www.google.com/search?q=zanahorias%20glaseadas&tbm=isch
Zarzuela,Seafood Stew,Zeevruchten Stoofpot,Rich seafood stew from Catalonia,Zeevruchten stoofpot uit Catalonië,€16-22,FALSE,FALSE,TRUE,FALSE,FALSE,https://www.google.com/search?q=zarzuela%20mariscos&tbm=isch
Zumo,Juice,Sap,Fresh fruit juices,Vers geperst vruchtensap,€3-5,FALSE,FALSE,FALSE,FALSE,TRUE,https://www.google.com/search?q=zumo%20natural&tbm=isch